<?xml version="1.0"?>
<DocumentWindowInfoForTab xmlns:xsi="http://www.w3.org/2001/XMLSchema-instance" xmlns:xsd="http://www.w3.org/2001/XMLSchema">
  <All>
    <DocumentWindowInfoForTabElement>
      <Name>NEWPROGRAM</Name>
      <SaveKey>[Ladder]NEWPROGRAM</SaveKey>
      <DockingBarState>
        <Key>Document@Ladder-406888216</Key>
        <Usable>true</Usable>
        <IsFloating>false</IsFloating>
        <DockingInfo>
          <IsCenter>true</IsCenter>
          <DockingSide>Left</DockingSide>
          <IsAutoHide>false</IsAutoHide>
          <Size>
            <Width>1501</Width>
            <Height>906</Height>
          </Size>
          <LeftIndex>-1</LeftIndex>
          <TopIndex>-1</TopIndex>
          <RightIndex>-1</RightIndex>
          <BottomIndex>-1</BottomIndex>
          <MergeInfo>
            <TabIndex>4</TabIndex>
            <IsTabSelected>false</IsTabSelected>
            <TilePosition />
          </MergeInfo>
        </DockingInfo>
        <FloatingInfo>
          <DockingKey>0</DockingKey>
          <Location>
            <X>0</X>
            <Y>0</Y>
          </Location>
          <Size>
            <Width>624</Width>
            <Height>326</Height>
          </Size>
          <MergeInfo>
            <TabIndex>-1</TabIndex>
            <IsTabSelected>false</IsTabSelected>
            <TilePosition />
          </MergeInfo>
        </FloatingInfo>
      </DockingBarState>
    </DocumentWindowInfoForTabElement>
    <DocumentWindowInfoForTabElement>
      <Name>INIT_CTH0</Name>
      <SaveKey>[Ladder]INIT_CTH0</SaveKey>
      <DockingBarState>
        <Key>Document@Ladder-404992528</Key>
        <Usable>true</Usable>
        <IsFloating>false</IsFloating>
        <DockingInfo>
          <IsCenter>true</IsCenter>
          <DockingSide>Left</DockingSide>
          <IsAutoHide>false</IsAutoHide>
          <Size>
            <Width>1501</Width>
            <Height>906</Height>
          </Size>
          <LeftIndex>-1</LeftIndex>
          <TopIndex>-1</TopIndex>
          <RightIndex>-1</RightIndex>
          <BottomIndex>-1</BottomIndex>
          <MergeInfo>
            <TabIndex>5</TabIndex>
            <IsTabSelected>false</IsTabSelected>
            <TilePosition />
          </MergeInfo>
        </DockingInfo>
        <FloatingInfo>
          <DockingKey>0</DockingKey>
          <Location>
            <X>0</X>
            <Y>0</Y>
          </Location>
          <Size>
            <Width>624</Width>
            <Height>326</Height>
          </Size>
          <MergeInfo>
            <TabIndex>-1</TabIndex>
            <IsTabSelected>false</IsTabSelected>
            <TilePosition />
          </MergeInfo>
        </FloatingInfo>
      </DockingBarState>
    </DocumentWindowInfoForTabElement>
    <DocumentWindowInfoForTabElement>
      <Name>JOGmotion</Name>
      <SaveKey>[Ladder]JOGmotion</SaveKey>
      <DockingBarState>
        <Key>Document@Ladder-595001544</Key>
        <Usable>true</Usable>
        <IsFloating>false</IsFloating>
        <DockingInfo>
          <IsCenter>true</IsCenter>
          <DockingSide>Left</DockingSide>
          <IsAutoHide>false</IsAutoHide>
          <Size>
            <Width>1501</Width>
            <Height>906</Height>
          </Size>
          <LeftIndex>-1</LeftIndex>
          <TopIndex>-1</TopIndex>
          <RightIndex>-1</RightIndex>
          <BottomIndex>-1</BottomIndex>
          <MergeInfo>
            <TabIndex>1</TabIndex>
            <IsTabSelected>false</IsTabSelected>
            <TilePosition />
          </MergeInfo>
        </DockingInfo>
        <FloatingInfo>
          <DockingKey>0</DockingKey>
          <Location>
            <X>0</X>
            <Y>0</Y>
          </Location>
          <Size>
            <Width>624</Width>
            <Height>326</Height>
          </Size>
          <MergeInfo>
            <TabIndex>-1</TabIndex>
            <IsTabSelected>false</IsTabSelected>
            <TilePosition />
          </MergeInfo>
        </FloatingInfo>
      </DockingBarState>
    </DocumentWindowInfoForTabElement>
    <DocumentWindowInfoForTabElement>
      <Name>Home</Name>
      <SaveKey>[Ladder]Home</SaveKey>
      <DockingBarState>
        <Key>Document@Ladder-595034440</Key>
        <Usable>true</Usable>
        <IsFloating>false</IsFloating>
        <DockingInfo>
          <IsCenter>true</IsCenter>
          <DockingSide>Left</DockingSide>
          <IsAutoHide>false</IsAutoHide>
          <Size>
            <Width>1501</Width>
            <Height>906</Height>
          </Size>
          <LeftIndex>-1</LeftIndex>
          <TopIndex>-1</TopIndex>
          <RightIndex>-1</RightIndex>
          <BottomIndex>-1</BottomIndex>
          <MergeInfo>
            <TabIndex>3</TabIndex>
            <IsTabSelected>false</IsTabSelected>
            <TilePosition />
          </MergeInfo>
        </DockingInfo>
        <FloatingInfo>
          <DockingKey>0</DockingKey>
          <Location>
            <X>0</X>
            <Y>0</Y>
          </Location>
          <Size>
            <Width>624</Width>
            <Height>326</Height>
          </Size>
          <MergeInfo>
            <TabIndex>-1</TabIndex>
            <IsTabSelected>false</IsTabSelected>
            <TilePosition />
          </MergeInfo>
        </FloatingInfo>
      </DockingBarState>
    </DocumentWindowInfoForTabElement>
    <DocumentWindowInfoForTabElement>
      <Name>Main</Name>
      <SaveKey>[Ladder]Main</SaveKey>
      <DockingBarState>
        <Key>Document@Ladder-597571808</Key>
        <Usable>true</Usable>
        <IsFloating>false</IsFloating>
        <DockingInfo>
          <IsCenter>true</IsCenter>
          <DockingSide>Left</DockingSide>
          <IsAutoHide>false</IsAutoHide>
          <Size>
            <Width>1501</Width>
            <Height>906</Height>
          </Size>
          <LeftIndex>-1</LeftIndex>
          <TopIndex>-1</TopIndex>
          <RightIndex>-1</RightIndex>
          <BottomIndex>-1</BottomIndex>
          <MergeInfo>
            <TabIndex>0</TabIndex>
            <IsTabSelected>false</IsTabSelected>
            <TilePosition />
          </MergeInfo>
        </DockingInfo>
        <FloatingInfo>
          <DockingKey>0</DockingKey>
          <Location>
            <X>0</X>
            <Y>0</Y>
          </Location>
          <Size>
            <Width>624</Width>
            <Height>326</Height>
          </Size>
          <MergeInfo>
            <TabIndex>-1</TabIndex>
            <IsTabSelected>false</IsTabSelected>
            <TilePosition />
          </MergeInfo>
        </FloatingInfo>
      </DockingBarState>
    </DocumentWindowInfoForTabElement>
    <DocumentWindowInfoForTabElement>
      <Name>MoveToPoint1</Name>
      <SaveKey>[Ladder]MoveToPoint1</SaveKey>
      <DockingBarState>
        <Key>Document@Ladder-595029496</Key>
        <Usable>true</Usable>
        <IsFloating>false</IsFloating>
        <DockingInfo>
          <IsCenter>true</IsCenter>
          <DockingSide>Left</DockingSide>
          <IsAutoHide>false</IsAutoHide>
          <Size>
            <Width>1501</Width>
            <Height>906</Height>
          </Size>
          <LeftIndex>-1</LeftIndex>
          <TopIndex>-1</TopIndex>
          <RightIndex>-1</RightIndex>
          <BottomIndex>-1</BottomIndex>
          <MergeInfo>
            <TabIndex>2</TabIndex>
            <IsTabSelected>true</IsTabSelected>
            <TilePosition />
          </MergeInfo>
        </DockingInfo>
        <FloatingInfo>
          <DockingKey>0</DockingKey>
          <Location>
            <X>0</X>
            <Y>0</Y>
          </Location>
          <Size>
            <Width>624</Width>
            <Height>326</Height>
          </Size>
          <MergeInfo>
            <TabIndex>-1</TabIndex>
            <IsTabSelected>false</IsTabSelected>
            <TilePosition />
          </MergeInfo>
        </FloatingInfo>
      </DockingBarState>
    </DocumentWindowInfoForTabElement>
  </All>
</DocumentWindowInfoForTab>