<?xml version="1.0" encoding="UTF-8"?>
<Root>
	<Version>1</Version>
	<InternalMonitorLauncherViewState>
		<Version>1</Version>
		<IsShown>0</IsShown>
		<PlcCode>132</PlcCode>
		<WindowState>
			<Top>128</Top>
			<Left>992</Left>
			<Width>312</Width>
			<Height>602</Height>
		</WindowState>
		<Node>
			<Group>IO</Group>
			<Expanded>1</Expanded>
		</Node>
		<Node>
			<Group>IR</Group>
			<Expanded>1</Expanded>
		</Node>
		<Node>
			<Group>POS</Group>
			<Expanded>1</Expanded>
		</Node>
		<Node>
			<Group>COUNT</Group>
			<Expanded>1</Expanded>
		</Node>
		<Node>
			<Group>PULSE</Group>
			<Expanded>1</Expanded>
		</Node>
		<Node>
			<Group>FC</Group>
			<Expanded>1</Expanded>
		</Node>
		<Node>
			<Group>AV</Group>
			<Expanded>1</Expanded>
		</Node>
		<Node>
			<Group>AW</Group>
			<Expanded>1</Expanded>
		</Node>
		<Node>
			<Group>SERIAL</Group>
			<Expanded>1</Expanded>
		</Node>
		<Node>
			<Group>LOGGING</Group>
			<Expanded>1</Expanded>
		</Node>
	</InternalMonitorLauncherViewState>
</Root>
