<?xml version="1.0" encoding="UTF-8"?>
<Root>
	<Expanded>0</Expanded>
	<Child>
		<value.first>单元配置</value.first>
		<value.second>
			<Expanded>1</Expanded>
			<Child>
				<value.first>[0]  KV-N60      R000/R500</value.first>
				<value.second>
					<Expanded>0</Expanded>
				</value.second>
			</Child>
			<Child>
				<value.first>[1]  KV-N16ET*   R1500   -----</value.first>
				<value.second>
					<Expanded>0</Expanded>
				</value.second>
			</Child>
			<Child>
				<value.first>[2]  KV-N3AM     R2000   DM10000</value.first>
				<value.second>
					<Expanded>0</Expanded>
				</value.second>
			</Child>
		</value.second>
	</Child>
</Root>
